{
  "length": {
    "m": 1.0,
    "10m": 10.0,
    "100m": 100.0,
    "1000m": 1000.0,
    "cm": 0.01,
    "mm": 0.001,
    "km": 1000.0,
    "in": 0.0254,
    "ft": 0.3048,
    "yd": 0.9144,
    "mile": 1609.344
  },
  "area": {
    "m2": 1.0,
    "10m2": 10.0,
    "100m2": 100.0,
    "cm2": 0.0001,
    "mm2": 1e-06,
    "km2": 1000000.0,
    "ha": 10000.0,
    "acre": 4046.85642,
    "sqin": 0.00064516,
    "sqft": 0.09290304,
    "sqyd": 0.83612736,
    "sqmi": 2589988.110336
  },
  "volume": {
    "m3": 1.0,
    "10m3": 10,
    "100m3": 100,
    "cm3": 1e-06,
    "mm3": 1e-09,
    "km3": 1000000000.0,
    "L": 0.001,
    "mL": 1e-06,
    "cuin": 1.6387064e-05,
    "cuft": 0.028316846592,
    "cuyd": 0.764554857984,
    "tsp": 4.92892159375e-06,
    "tbsp": 1.478676478125e-05,
    "floz": 2.95735295625e-05,
    "cup": 0.0002365882365,
    "pt": 0.000473176473,
    "qt": 0.000946352946,
    "gal": 0.003785411784
  },
  "mass": {
    "kg": 1.0,
    "g": 0.001,
    "mg": 1e-06,
    "ton": 1000.0,
    "t": 1000.0,
    "10t": 10000.0,
    "lb": 0.45359237,
    "oz": 0.028349523125
  },
  "machine_time": {
    "team": 1,
    "台班": 1
  },
  "work_time": {
    "day": 1,
    "工日": 1
  },
  "set": {
    "set": 1,
    "组": 1,
    "套": 1
  }
}